<?xml version="1.0" encoding="utf-8" ?>
<dwsync>
<file name="config.js" server="C:/wamp/www/modeltrace/" local="129351726931052000" remote="129351726930000000" />
<file name="richtext.js" server="C:/wamp/www/modeltrace/" local="129351726949752000" remote="129351726940000000" />
<file name="config.js" server="C:/wamp/www/nweze/Model/" local="129351726940000000" remote="129351726940000000" />
<file name="richtext.js" server="C:/wamp/www/nweze/Model/" local="129351726960000000" remote="129351726960000000" />
<file name="config.js" server="C:/wamp/www/Model/" local="129352050940000000" remote="129352050940000000" />
<file name="richtext.js" server="C:/wamp/www/Model/" local="129352050960000000" remote="129352050960000000" />
<file name="config.js" server="C:/wamp/www/webtemplate4/" local="129352050940000000" remote="129352050940000000" />
<file name="richtext.js" server="C:/wamp/www/webtemplate4/" local="129352050960000000" remote="129352050960000000" />
<file name="config.js" server="C:/wamp/www/Apwan/" local="129351762940000000" remote="129351762940000000" />
<file name="richtext.js" server="C:/wamp/www/Apwan/" local="129351762960000000" remote="129351762960000000" />
<file name="config.js" server="C:/wamp/www/ebullient/" local="129351762940000000" remote="129351762940000000" />
<file name="richtext.js" server="C:/wamp/www/ebullient/" local="129351762960000000" remote="129351762960000000" />
<file name="config.js" server="C:/wamp/www/lifeinmycity/" local="129351762940000000" remote="129351762940000000" />
<file name="richtext.js" server="C:/wamp/www/lifeinmycity/" local="129351762960000000" remote="129351762960000000" />
<file name="config.js" server="C:/wamp/www/sedi1/" local="129351762940000000" remote="129351762940000000" />
<file name="richtext.js" server="C:/wamp/www/sedi1/" local="129351762960000000" remote="129351762960000000" />
<file name="config.js" server="C:/xampp/htdocs/jobs/" local="129351762940000000" remote="129351762940000000" />
<file name="richtext.js" server="C:/xampp/htdocs/jobs/" local="129351762960000000" remote="129351762960000000" />
<file name="config.js" server="C:/wamp/www/prison/" local="129351762940000000" remote="129351762940000000" />
<file name="richtext.js" server="C:/wamp/www/prison/" local="129351762960000000" remote="129351762960000000" />
<file name="config.js" server="C:/wamp/www/birth/" local="129351762940000000" remote="129351762940000000" />
<file name="richtext.js" server="C:/wamp/www/birth/" local="129351762960000000" remote="129351762960000000" />
<file name="config.js" server="C:/xampp/htdocs/codetracker/" local="129351546940000000" remote="129351546940000000" />
<file name="richtext.js" server="C:/xampp/htdocs/codetracker/" local="129351546960000000" remote="129351546960000000" />
</dwsync>