<?xml version="1.0" encoding="utf-8" ?>
<dwsync>
<file name="edit_image.html" server="C:/wamp/www/modeltrace/" local="129351726931172000" remote="129351726930000000" />
<file name="edit_link.html" server="C:/wamp/www/modeltrace/" local="129351726932282000" remote="129351726930000000" />
<file name="edit_table.html" server="C:/wamp/www/modeltrace/" local="129351726932482000" remote="129351726930000000" />
<file name="insert_checkbox.html" server="C:/wamp/www/modeltrace/" local="129351726932792000" remote="129351726930000000" />
<file name="insert_form.html" server="C:/wamp/www/modeltrace/" local="129351726933332000" remote="129351726930000000" />
<file name="insert_hidden.html" server="C:/wamp/www/modeltrace/" local="129351726933552000" remote="129351726930000000" />
<file name="insert_image.html" server="C:/wamp/www/modeltrace/" local="129351726933792000" remote="129351726930000000" />
<file name="insert_image_submit.html" server="C:/wamp/www/modeltrace/" local="129351726933882000" remote="129351726930000000" />
<file name="insert_link.html" server="C:/wamp/www/modeltrace/" local="129351726935402000" remote="129351726930000000" />
<file name="insert_password.html" server="C:/wamp/www/modeltrace/" local="129351726936092000" remote="129351726930000000" />
<file name="insert_radiobutton.html" server="C:/wamp/www/modeltrace/" local="129351726936162000" remote="129351726930000000" />
<file name="insert_reset.html" server="C:/wamp/www/modeltrace/" local="129351726936212000" remote="129351726930000000" />
<file name="insert_submit.html" server="C:/wamp/www/modeltrace/" local="129351726936272000" remote="129351726930000000" />
<file name="insert_table.html" server="C:/wamp/www/modeltrace/" local="129351726936812000" remote="129351726930000000" />
<file name="insert_text.html" server="C:/wamp/www/modeltrace/" local="129351726936912000" remote="129351726930000000" />
<file name="insert_textarea.html" server="C:/wamp/www/modeltrace/" local="129351726936972000" remote="129351726930000000" />
<file name="edit_image.html" server="C:/wamp/www/nweze/Model/" local="129351726940000000" remote="129351726940000000" />
<file name="edit_link.html" server="C:/wamp/www/nweze/Model/" local="129351726940000000" remote="129351726940000000" />
<file name="edit_table.html" server="C:/wamp/www/nweze/Model/" local="129351726940000000" remote="129351726940000000" />
<file name="insert_checkbox.html" server="C:/wamp/www/nweze/Model/" local="129351726940000000" remote="129351726940000000" />
<file name="insert_form.html" server="C:/wamp/www/nweze/Model/" local="129351726940000000" remote="129351726940000000" />
<file name="insert_hidden.html" server="C:/wamp/www/nweze/Model/" local="129351726940000000" remote="129351726940000000" />
<file name="insert_image.html" server="C:/wamp/www/nweze/Model/" local="129351726940000000" remote="129351726940000000" />
<file name="insert_image_submit.html" server="C:/wamp/www/nweze/Model/" local="129351726940000000" remote="129351726940000000" />
<file name="insert_link.html" server="C:/wamp/www/nweze/Model/" local="129351726940000000" remote="129351726940000000" />
<file name="insert_password.html" server="C:/wamp/www/nweze/Model/" local="129351726940000000" remote="129351726940000000" />
<file name="insert_radiobutton.html" server="C:/wamp/www/nweze/Model/" local="129351726940000000" remote="129351726940000000" />
<file name="insert_reset.html" server="C:/wamp/www/nweze/Model/" local="129351726940000000" remote="129351726940000000" />
<file name="insert_submit.html" server="C:/wamp/www/nweze/Model/" local="129351726940000000" remote="129351726940000000" />
<file name="insert_table.html" server="C:/wamp/www/nweze/Model/" local="129351726940000000" remote="129351726940000000" />
<file name="insert_text.html" server="C:/wamp/www/nweze/Model/" local="129351726940000000" remote="129351726940000000" />
<file name="insert_textarea.html" server="C:/wamp/www/nweze/Model/" local="129351726940000000" remote="129351726940000000" />
<file name="edit_image.html" server="C:/wamp/www/Model/" local="129352050940000000" remote="129352050940000000" />
<file name="edit_link.html" server="C:/wamp/www/Model/" local="129352050940000000" remote="129352050940000000" />
<file name="edit_table.html" server="C:/wamp/www/Model/" local="129352050940000000" remote="129352050940000000" />
<file name="insert_checkbox.html" server="C:/wamp/www/Model/" local="129352050940000000" remote="129352050940000000" />
<file name="insert_form.html" server="C:/wamp/www/Model/" local="129352050940000000" remote="129352050940000000" />
<file name="insert_hidden.html" server="C:/wamp/www/Model/" local="129352050940000000" remote="129352050940000000" />
<file name="insert_image.html" server="C:/wamp/www/Model/" local="129352050940000000" remote="129352050940000000" />
<file name="insert_image_submit.html" server="C:/wamp/www/Model/" local="129352050940000000" remote="129352050940000000" />
<file name="insert_link.html" server="C:/wamp/www/Model/" local="129352050940000000" remote="129352050940000000" />
<file name="insert_password.html" server="C:/wamp/www/Model/" local="129352050940000000" remote="129352050940000000" />
<file name="insert_radiobutton.html" server="C:/wamp/www/Model/" local="129352050940000000" remote="129352050940000000" />
<file name="insert_reset.html" server="C:/wamp/www/Model/" local="129352050940000000" remote="129352050940000000" />
<file name="insert_submit.html" server="C:/wamp/www/Model/" local="129352050940000000" remote="129352050940000000" />
<file name="insert_table.html" server="C:/wamp/www/Model/" local="129352050940000000" remote="129352050940000000" />
<file name="insert_text.html" server="C:/wamp/www/Model/" local="129352050940000000" remote="129352050940000000" />
<file name="insert_textarea.html" server="C:/wamp/www/Model/" local="129352050940000000" remote="129352050940000000" />
<file name="edit_image.html" server="C:/wamp/www/webtemplate4/" local="129352050940000000" remote="129352050940000000" />
<file name="edit_link.html" server="C:/wamp/www/webtemplate4/" local="129352050940000000" remote="129352050940000000" />
<file name="edit_table.html" server="C:/wamp/www/webtemplate4/" local="129352050940000000" remote="129352050940000000" />
<file name="insert_checkbox.html" server="C:/wamp/www/webtemplate4/" local="129352050940000000" remote="129352050940000000" />
<file name="insert_form.html" server="C:/wamp/www/webtemplate4/" local="129352050940000000" remote="129352050940000000" />
<file name="insert_hidden.html" server="C:/wamp/www/webtemplate4/" local="129352050940000000" remote="129352050940000000" />
<file name="insert_image.html" server="C:/wamp/www/webtemplate4/" local="129352050940000000" remote="129352050940000000" />
<file name="insert_image_submit.html" server="C:/wamp/www/webtemplate4/" local="129352050940000000" remote="129352050940000000" />
<file name="insert_link.html" server="C:/wamp/www/webtemplate4/" local="129352050940000000" remote="129352050940000000" />
<file name="insert_password.html" server="C:/wamp/www/webtemplate4/" local="129352050940000000" remote="129352050940000000" />
<file name="insert_radiobutton.html" server="C:/wamp/www/webtemplate4/" local="129352050940000000" remote="129352050940000000" />
<file name="insert_reset.html" server="C:/wamp/www/webtemplate4/" local="129352050940000000" remote="129352050940000000" />
<file name="insert_submit.html" server="C:/wamp/www/webtemplate4/" local="129352050940000000" remote="129352050940000000" />
<file name="insert_table.html" server="C:/wamp/www/webtemplate4/" local="129352050940000000" remote="129352050940000000" />
<file name="insert_text.html" server="C:/wamp/www/webtemplate4/" local="129352050940000000" remote="129352050940000000" />
<file name="insert_textarea.html" server="C:/wamp/www/webtemplate4/" local="129352050940000000" remote="129352050940000000" />
<file name="edit_image.html" server="C:/wamp/www/Apwan/" local="129351762940000000" remote="129351762940000000" />
<file name="edit_link.html" server="C:/wamp/www/Apwan/" local="129351762940000000" remote="129351762940000000" />
<file name="edit_table.html" server="C:/wamp/www/Apwan/" local="129351762940000000" remote="129351762940000000" />
<file name="insert_checkbox.html" server="C:/wamp/www/Apwan/" local="129351762940000000" remote="129351762940000000" />
<file name="insert_form.html" server="C:/wamp/www/Apwan/" local="129351762940000000" remote="129351762940000000" />
<file name="insert_hidden.html" server="C:/wamp/www/Apwan/" local="129351762940000000" remote="129351762940000000" />
<file name="insert_image.html" server="C:/wamp/www/Apwan/" local="129351762940000000" remote="129351762940000000" />
<file name="insert_image_submit.html" server="C:/wamp/www/Apwan/" local="129351762940000000" remote="129351762940000000" />
<file name="insert_link.html" server="C:/wamp/www/Apwan/" local="129351762940000000" remote="129351762940000000" />
<file name="insert_password.html" server="C:/wamp/www/Apwan/" local="129351762940000000" remote="129351762940000000" />
<file name="insert_radiobutton.html" server="C:/wamp/www/Apwan/" local="129351762940000000" remote="129351762940000000" />
<file name="insert_reset.html" server="C:/wamp/www/Apwan/" local="129351762940000000" remote="129351762940000000" />
<file name="insert_submit.html" server="C:/wamp/www/Apwan/" local="129351762940000000" remote="129351762940000000" />
<file name="insert_table.html" server="C:/wamp/www/Apwan/" local="129351762940000000" remote="129351762940000000" />
<file name="insert_text.html" server="C:/wamp/www/Apwan/" local="129351762940000000" remote="129351762940000000" />
<file name="insert_textarea.html" server="C:/wamp/www/Apwan/" local="129351762940000000" remote="129351762940000000" />
<file name="edit_image.html" server="C:/wamp/www/ebullient/" local="129351762940000000" remote="129351762940000000" />
<file name="edit_link.html" server="C:/wamp/www/ebullient/" local="129351762940000000" remote="129351762940000000" />
<file name="edit_table.html" server="C:/wamp/www/ebullient/" local="129351762940000000" remote="129351762940000000" />
<file name="insert_checkbox.html" server="C:/wamp/www/ebullient/" local="129351762940000000" remote="129351762940000000" />
<file name="insert_form.html" server="C:/wamp/www/ebullient/" local="129351762940000000" remote="129351762940000000" />
<file name="insert_hidden.html" server="C:/wamp/www/ebullient/" local="129351762940000000" remote="129351762940000000" />
<file name="insert_image.html" server="C:/wamp/www/ebullient/" local="129351762940000000" remote="129351762940000000" />
<file name="insert_image_submit.html" server="C:/wamp/www/ebullient/" local="129351762940000000" remote="129351762940000000" />
<file name="insert_link.html" server="C:/wamp/www/ebullient/" local="129351762940000000" remote="129351762940000000" />
<file name="insert_password.html" server="C:/wamp/www/ebullient/" local="129351762940000000" remote="129351762940000000" />
<file name="insert_radiobutton.html" server="C:/wamp/www/ebullient/" local="129351762940000000" remote="129351762940000000" />
<file name="insert_reset.html" server="C:/wamp/www/ebullient/" local="129351762940000000" remote="129351762940000000" />
<file name="insert_submit.html" server="C:/wamp/www/ebullient/" local="129351762940000000" remote="129351762940000000" />
<file name="insert_table.html" server="C:/wamp/www/ebullient/" local="129351762940000000" remote="129351762940000000" />
<file name="insert_text.html" server="C:/wamp/www/ebullient/" local="129351762940000000" remote="129351762940000000" />
<file name="insert_textarea.html" server="C:/wamp/www/ebullient/" local="129351762940000000" remote="129351762940000000" />
<file name="edit_image.html" server="C:/wamp/www/lifeinmycity/" local="129351762940000000" remote="129351762940000000" />
<file name="edit_link.html" server="C:/wamp/www/lifeinmycity/" local="129351762940000000" remote="129351762940000000" />
<file name="edit_table.html" server="C:/wamp/www/lifeinmycity/" local="129351762940000000" remote="129351762940000000" />
<file name="insert_checkbox.html" server="C:/wamp/www/lifeinmycity/" local="129351762940000000" remote="129351762940000000" />
<file name="insert_form.html" server="C:/wamp/www/lifeinmycity/" local="129351762940000000" remote="129351762940000000" />
<file name="insert_hidden.html" server="C:/wamp/www/lifeinmycity/" local="129351762940000000" remote="129351762940000000" />
<file name="insert_image.html" server="C:/wamp/www/lifeinmycity/" local="129351762940000000" remote="129351762940000000" />
<file name="insert_image_submit.html" server="C:/wamp/www/lifeinmycity/" local="129351762940000000" remote="129351762940000000" />
<file name="insert_link.html" server="C:/wamp/www/lifeinmycity/" local="129351762940000000" remote="129351762940000000" />
<file name="insert_password.html" server="C:/wamp/www/lifeinmycity/" local="129351762940000000" remote="129351762940000000" />
<file name="insert_radiobutton.html" server="C:/wamp/www/lifeinmycity/" local="129351762940000000" remote="129351762940000000" />
<file name="insert_reset.html" server="C:/wamp/www/lifeinmycity/" local="129351762940000000" remote="129351762940000000" />
<file name="insert_submit.html" server="C:/wamp/www/lifeinmycity/" local="129351762940000000" remote="129351762940000000" />
<file name="insert_table.html" server="C:/wamp/www/lifeinmycity/" local="129351762940000000" remote="129351762940000000" />
<file name="insert_text.html" server="C:/wamp/www/lifeinmycity/" local="129351762940000000" remote="129351762940000000" />
<file name="insert_textarea.html" server="C:/wamp/www/lifeinmycity/" local="129351762940000000" remote="129351762940000000" />
<file name="edit_image.html" server="C:/wamp/www/sedi1/" local="129351762940000000" remote="129351762940000000" />
<file name="edit_link.html" server="C:/wamp/www/sedi1/" local="129351762940000000" remote="129351762940000000" />
<file name="edit_table.html" server="C:/wamp/www/sedi1/" local="129351762940000000" remote="129351762940000000" />
<file name="insert_checkbox.html" server="C:/wamp/www/sedi1/" local="129351762940000000" remote="129351762940000000" />
<file name="insert_form.html" server="C:/wamp/www/sedi1/" local="129351762940000000" remote="129351762940000000" />
<file name="insert_hidden.html" server="C:/wamp/www/sedi1/" local="129351762940000000" remote="129351762940000000" />
<file name="insert_image.html" server="C:/wamp/www/sedi1/" local="129351762940000000" remote="129351762940000000" />
<file name="insert_image_submit.html" server="C:/wamp/www/sedi1/" local="129351762940000000" remote="129351762940000000" />
<file name="insert_link.html" server="C:/wamp/www/sedi1/" local="129351762940000000" remote="129351762940000000" />
<file name="insert_password.html" server="C:/wamp/www/sedi1/" local="129351762940000000" remote="129351762940000000" />
<file name="insert_radiobutton.html" server="C:/wamp/www/sedi1/" local="129351762940000000" remote="129351762940000000" />
<file name="insert_reset.html" server="C:/wamp/www/sedi1/" local="129351762940000000" remote="129351762940000000" />
<file name="insert_submit.html" server="C:/wamp/www/sedi1/" local="129351762940000000" remote="129351762940000000" />
<file name="insert_table.html" server="C:/wamp/www/sedi1/" local="129351762940000000" remote="129351762940000000" />
<file name="insert_text.html" server="C:/wamp/www/sedi1/" local="129351762940000000" remote="129351762940000000" />
<file name="insert_textarea.html" server="C:/wamp/www/sedi1/" local="129351762940000000" remote="129351762940000000" />
<file name="edit_image.html" server="C:/xampp/htdocs/jobs/" local="129351762940000000" remote="129351762940000000" />
<file name="edit_link.html" server="C:/xampp/htdocs/jobs/" local="129351762940000000" remote="129351762940000000" />
<file name="edit_table.html" server="C:/xampp/htdocs/jobs/" local="129351762940000000" remote="129351762940000000" />
<file name="insert_checkbox.html" server="C:/xampp/htdocs/jobs/" local="129351762940000000" remote="129351762940000000" />
<file name="insert_form.html" server="C:/xampp/htdocs/jobs/" local="129351762940000000" remote="129351762940000000" />
<file name="insert_hidden.html" server="C:/xampp/htdocs/jobs/" local="129351762940000000" remote="129351762940000000" />
<file name="insert_image.html" server="C:/xampp/htdocs/jobs/" local="129351762940000000" remote="129351762940000000" />
<file name="insert_image_submit.html" server="C:/xampp/htdocs/jobs/" local="129351762940000000" remote="129351762940000000" />
<file name="insert_link.html" server="C:/xampp/htdocs/jobs/" local="129351762940000000" remote="129351762940000000" />
<file name="insert_password.html" server="C:/xampp/htdocs/jobs/" local="129351762940000000" remote="129351762940000000" />
<file name="insert_radiobutton.html" server="C:/xampp/htdocs/jobs/" local="129351762940000000" remote="129351762940000000" />
<file name="insert_reset.html" server="C:/xampp/htdocs/jobs/" local="129351762940000000" remote="129351762940000000" />
<file name="insert_submit.html" server="C:/xampp/htdocs/jobs/" local="129351762940000000" remote="129351762940000000" />
<file name="insert_table.html" server="C:/xampp/htdocs/jobs/" local="129351762940000000" remote="129351762940000000" />
<file name="insert_text.html" server="C:/xampp/htdocs/jobs/" local="129351762940000000" remote="129351762940000000" />
<file name="insert_textarea.html" server="C:/xampp/htdocs/jobs/" local="129351762940000000" remote="129351762940000000" />
<file name="edit_image.html" server="C:/wamp/www/prison/" local="129351762940000000" remote="129351762940000000" />
<file name="edit_link.html" server="C:/wamp/www/prison/" local="129351762940000000" remote="129351762940000000" />
<file name="edit_table.html" server="C:/wamp/www/prison/" local="129351762940000000" remote="129351762940000000" />
<file name="insert_checkbox.html" server="C:/wamp/www/prison/" local="129351762940000000" remote="129351762940000000" />
<file name="insert_form.html" server="C:/wamp/www/prison/" local="129351762940000000" remote="129351762940000000" />
<file name="insert_hidden.html" server="C:/wamp/www/prison/" local="129351762940000000" remote="129351762940000000" />
<file name="insert_image.html" server="C:/wamp/www/prison/" local="129351762940000000" remote="129351762940000000" />
<file name="insert_image_submit.html" server="C:/wamp/www/prison/" local="129351762940000000" remote="129351762940000000" />
<file name="insert_link.html" server="C:/wamp/www/prison/" local="129351762940000000" remote="129351762940000000" />
<file name="insert_password.html" server="C:/wamp/www/prison/" local="129351762940000000" remote="129351762940000000" />
<file name="insert_radiobutton.html" server="C:/wamp/www/prison/" local="129351762940000000" remote="129351762940000000" />
<file name="insert_reset.html" server="C:/wamp/www/prison/" local="129351762940000000" remote="129351762940000000" />
<file name="insert_submit.html" server="C:/wamp/www/prison/" local="129351762940000000" remote="129351762940000000" />
<file name="insert_table.html" server="C:/wamp/www/prison/" local="129351762940000000" remote="129351762940000000" />
<file name="insert_text.html" server="C:/wamp/www/prison/" local="129351762940000000" remote="129351762940000000" />
<file name="insert_textarea.html" server="C:/wamp/www/prison/" local="129351762940000000" remote="129351762940000000" />
<file name="edit_image.html" server="C:/wamp/www/birth/" local="129351762940000000" remote="129351762940000000" />
<file name="edit_link.html" server="C:/wamp/www/birth/" local="129351762940000000" remote="129351762940000000" />
<file name="edit_table.html" server="C:/wamp/www/birth/" local="129351762940000000" remote="129351762940000000" />
<file name="insert_checkbox.html" server="C:/wamp/www/birth/" local="129351762940000000" remote="129351762940000000" />
<file name="insert_form.html" server="C:/wamp/www/birth/" local="129351762940000000" remote="129351762940000000" />
<file name="insert_hidden.html" server="C:/wamp/www/birth/" local="129351762940000000" remote="129351762940000000" />
<file name="insert_image.html" server="C:/wamp/www/birth/" local="129351762940000000" remote="129351762940000000" />
<file name="insert_image_submit.html" server="C:/wamp/www/birth/" local="129351762940000000" remote="129351762940000000" />
<file name="insert_link.html" server="C:/wamp/www/birth/" local="129351762940000000" remote="129351762940000000" />
<file name="insert_password.html" server="C:/wamp/www/birth/" local="129351762940000000" remote="129351762940000000" />
<file name="insert_radiobutton.html" server="C:/wamp/www/birth/" local="129351762940000000" remote="129351762940000000" />
<file name="insert_reset.html" server="C:/wamp/www/birth/" local="129351762940000000" remote="129351762940000000" />
<file name="insert_submit.html" server="C:/wamp/www/birth/" local="129351762940000000" remote="129351762940000000" />
<file name="insert_table.html" server="C:/wamp/www/birth/" local="129351762940000000" remote="129351762940000000" />
<file name="insert_text.html" server="C:/wamp/www/birth/" local="129351762940000000" remote="129351762940000000" />
<file name="insert_textarea.html" server="C:/wamp/www/birth/" local="129351762940000000" remote="129351762940000000" />
<file name="edit_image.html" server="C:/xampp/htdocs/codetracker/" local="129351546940000000" remote="129351546940000000" />
<file name="edit_link.html" server="C:/xampp/htdocs/codetracker/" local="129351546940000000" remote="129351546940000000" />
<file name="edit_table.html" server="C:/xampp/htdocs/codetracker/" local="129351546940000000" remote="129351546940000000" />
<file name="insert_checkbox.html" server="C:/xampp/htdocs/codetracker/" local="129351546940000000" remote="129351546940000000" />
<file name="insert_form.html" server="C:/xampp/htdocs/codetracker/" local="129351546940000000" remote="129351546940000000" />
<file name="insert_hidden.html" server="C:/xampp/htdocs/codetracker/" local="129351546940000000" remote="129351546940000000" />
<file name="insert_image.html" server="C:/xampp/htdocs/codetracker/" local="129351546940000000" remote="129351546940000000" />
<file name="insert_image_submit.html" server="C:/xampp/htdocs/codetracker/" local="129351546940000000" remote="129351546940000000" />
<file name="insert_link.html" server="C:/xampp/htdocs/codetracker/" local="129351546940000000" remote="129351546940000000" />
<file name="insert_password.html" server="C:/xampp/htdocs/codetracker/" local="129351546940000000" remote="129351546940000000" />
<file name="insert_radiobutton.html" server="C:/xampp/htdocs/codetracker/" local="129351546940000000" remote="129351546940000000" />
<file name="insert_reset.html" server="C:/xampp/htdocs/codetracker/" local="129351546940000000" remote="129351546940000000" />
<file name="insert_submit.html" server="C:/xampp/htdocs/codetracker/" local="129351546940000000" remote="129351546940000000" />
<file name="insert_table.html" server="C:/xampp/htdocs/codetracker/" local="129351546940000000" remote="129351546940000000" />
<file name="insert_text.html" server="C:/xampp/htdocs/codetracker/" local="129351546940000000" remote="129351546940000000" />
<file name="insert_textarea.html" server="C:/xampp/htdocs/codetracker/" local="129351546940000000" remote="129351546940000000" />
</dwsync>