<?xml version="1.0" encoding="UTF-8"?>
<project-private xmlns="http://www.netbeans.org/ns/project-private/1">
    <editor-bookmarks xmlns="http://www.netbeans.org/ns/editor-bookmarks/2" lastBookmarkId="0"/>
    <open-files xmlns="http://www.netbeans.org/ns/projectui-open-files/2">
        <group>
            <file>file:/C:/xampp/htdocs/bank/contact.html</file>
            <file>file:/C:/xampp/htdocs/bank/gallery.html</file>
            <file>file:/C:/xampp/htdocs/bank/typography.html</file>
            <file>file:/C:/xampp/htdocs/bank/account.html</file>
            <file>file:/C:/xampp/htdocs/bank/index.html</file>
            <file>file:/C:/xampp/htdocs/bank/about.html</file>
            <file>file:/C:/xampp/htdocs/bank/services.html</file>
            <file>file:/C:/xampp/htdocs/bank/login.html</file>
        </group>
    </open-files>
</project-private>
